name,price,rating,latitude,longitude,station,distance
Best Bagel & Coffee,$,4.5,,,34 ST-PENN STA,210.7617658311607
Friedman's,$$,4.0,,,34 ST-PENN STA,233.38494954977654
The Cinnamon Snail,$$,4.0,,,34 ST-PENN STA,77.01778624746386
Stumptown Coffee Roasters,$$,4.5,,,34 ST-PENN STA,579.9161832330312
Go! Go! Curry!,$,4.0,,,34 ST-PENN STA,481.20857855420905
Stout NYC,$$,3.5,,,34 ST-PENN STA,115.09259805116146
Zen Ramen & Sushi,$$,4.5,,,34 ST-PENN STA,233.72876107381978
Soup Spot,$,4.5,,,34 ST-PENN STA,212.15600746663839
Cafe Hanamizuki,$$,4.0,,,34 ST-PENN STA,328.5317534231265
Krispy Kreme,$,4.0,,,34 ST-PENN STA,109.37462619737504
Beyond Sushi,$$,4.5,,,34 ST-PENN STA,308.73481908192537
The Pennsy,$$,3.5,,,34 ST-PENN STA,54.68952322004647
Stella 34 Trattoria,$$,3.5,,,34 ST-PENN STA,254.77326682732286
District Tap House,$$,4.0,,,34 ST-PENN STA,410.3520211834302
Balade - Your Way,$$,4.5,,,34 ST-PENN STA,303.27243190139353
Macaron Cafe,$$,3.5,,,34 ST-PENN STA,228.18111726181897
Broadway Bites,$$,4.0,,,34 ST-PENN STA,298.5520180980167
Madman Espresso,$$,4.0,,,34 ST-PENN STA,185.9497593385764
Juniper,$$,4.0,,,34 ST-PENN STA,240.34171822695413
Gaonnuri,$$$,3.5,,,34 ST-PENN STA,402.60262657125514
Non Solo Piada,$,5.0,,,34 ST-PENN STA,432.3392539688232
Pennsylvania 6 NYC,$$,4.0,,,34 ST-PENN STA,224.31368265088534
Waldy's Wood Fired Pizza & Penne,$$,4.0,,,34 ST-PENN STA,513.4089915121987
VLife,$$,4.0,,,34 ST-PENN STA,296.298078306376
Black Iron Burger,$$,4.0,,,34 ST-PENN STA,430.15567209280283
Asura Asian Bistro,$$,3.5,,,34 ST-PENN STA,209.08616131252992
District Social,$$,4.0,,,34 ST-PENN STA,365.29467868175226
OCabanon,$$,4.0,,,34 ST-PENN STA,346.9180640511883
The Breslin,$$$,3.5,,,34 ST-PENN STA,585.361891932416
Rose's Pizza,$,3.5,,,34 ST-PENN STA,135.71697514304992
Made by Pauline,$$,5.0,,,34 ST-PENN STA,136.1537536910852
Tracks Raw Bar & Grill,$$,4.0,,,34 ST-PENN STA,207.0699886416315
The Skylark,$$$,4.0,,,34 ST-PENN STA,469.2664062317456
Gregorys Coffee,$$,4.0,,,34 ST-PENN STA,340.4566085410132
Shake Shack,$$,4.0,,,34 ST-PENN STA,256.60662327868636
Feile,$$,3.5,,,34 ST-PENN STA,124.18938939168271
Bonchon Chicken - NYC 38th St,$$,3.5,,,34 ST-PENN STA,412.1383509478614
Seven Grams Caffe,$,4.5,,,34 ST-PENN STA,595.4285337564781
Jack Doyle's Bar & Restaurant,$$,3.5,,,34 ST-PENN STA,206.76183158721702
Ramini Espresso Bar & Cafe,$,4.5,,,34 ST-PENN STA,428.39740618607124
On Now Lounge,$$,4.5,,,34 ST-PENN STA,42.28882919737647
Luna Coffee Shop,$,4.5,,,34 ST-PENN STA,349.8396279076967
Kobeyaki,$$,4.0,,,34 ST-PENN STA,510.90715314712406
Little Italy Pizza,$,4.0,,,34 ST-PENN STA,15.0530963768514
Ben's Kosher Delicatessen Restaurant & Caterers,$$,3.5,,,34 ST-PENN STA,416.41480698163247
1986 Est. Wine Bar & Lounge,$$,4.0,,,34 ST-PENN STA,384.89947820406405
Delmonico's Kitchen,$$$,3.5,,,34 ST-PENN STA,260.7621899492197
Casa Nonna,$$$,4.0,,,34 ST-PENN STA,534.6450245626049
Bombay Sandwich Co.,$$,4.5,,,34 ST-PENN STA,164.37662733669657
Blarney Rock Pub,$$,3.5,,,34 ST-PENN STA,100.29877604480252
Grand Central Terminal,,4.5,,,GRD CNTRL-42 ST,116.19490621773356
Sushi Yasuda,$$$$,4.0,,,GRD CNTRL-42 ST,290.92927702684386
Num Pang Kitchen,$,4.0,,,GRD CNTRL-42 ST,166.95770301011999
Momosan Ramen & Sake,$$,4.0,,,GRD CNTRL-42 ST,211.69175785836205
Benjamin Steakhouse,$$$$,4.0,,,GRD CNTRL-42 ST,177.92438612475758
The Campbell Bar,$$$,4.0,,,GRD CNTRL-42 ST,108.68317854664679
The Capital Grille,$$$,4.0,,,GRD CNTRL-42 ST,178.69968048425412
Café Zaiya,$,4.0,,,GRD CNTRL-42 ST,307.58191550400795
Grand Central Oyster Bar,$$$,3.5,,,GRD CNTRL-42 ST,123.95525806718462
Previti Pizza,$,4.0,,,GRD CNTRL-42 ST,93.31499232860494
Urbanspace Vanderbilt,$$,4.0,,,GRD CNTRL-42 ST,317.2326399257092
Sons of Thunder,$$,4.5,,,GRD CNTRL-42 ST,444.2594215675594
Park Avenue Tavern,$$,4.0,,,GRD CNTRL-42 ST,223.32605147016196
VITAE,$$$,4.0,,,GRD CNTRL-42 ST,448.02979642845474
Udon West,$$,4.0,,,GRD CNTRL-42 ST,337.6891460816871
Chrysler Building,,4.5,,,GRD CNTRL-42 ST,126.70602280581606
Shake Shack,$$,3.5,,,GRD CNTRL-42 ST,137.00497719513936
Zengo,$$$,3.5,,,GRD CNTRL-42 ST,253.21727424887587
Sinigual,$$,3.5,,,GRD CNTRL-42 ST,220.6713396867581
Luke's Lobster Midtown East,$$,4.0,,,GRD CNTRL-42 ST,304.1694091347867
Katsu-Hama,$$,4.0,,,GRD CNTRL-42 ST,523.1918176591378
Naya,$$,4.0,,,GRD CNTRL-42 ST,233.44687261894185
Nirvana,$$,3.5,,,GRD CNTRL-42 ST,200.94396331306442
CoCo Fresh Tea & Juice,$,4.0,,,GRD CNTRL-42 ST,270.41114499661234
Sarge's Delicatessen & Diner,$$,4.0,,,GRD CNTRL-42 ST,495.4968401725487
Pershing Square Cafe,$$,3.0,,,GRD CNTRL-42 ST,78.72955170736864
2Beans,$$,4.0,,,GRD CNTRL-42 ST,184.2267098894865
Whispering Gallery,,4.5,,,GRD CNTRL-42 ST,111.38801924995074
Raines Law Room at the William,$$,4.0,,,GRD CNTRL-42 ST,321.8116668973556
Lucid Café,$,4.5,,,GRD CNTRL-42 ST,350.79417489335685
Perk Kafe,$,4.5,,,GRD CNTRL-42 ST,446.32720866280494
La Biblioteca,$$,3.5,,,GRD CNTRL-42 ST,248.23673353279264
Tommy Bahama Restaurant | Bar | Store - New York,$$$,4.0,,,GRD CNTRL-42 ST,447.8703834461568
Pokéworks,$$,4.0,,,GRD CNTRL-42 ST,77.83637371862801
Benjamin Prime,$$$$,4.5,,,GRD CNTRL-42 ST,254.78993449301538
Cipriani Le Specialita,$$,4.0,,,GRD CNTRL-42 ST,31.091163616220246
Great Northern Food Hall,$$,4.0,,,GRD CNTRL-42 ST,110.04504865850339
Davio's Northern Italian Steakhouse,$$$,4.0,,,GRD CNTRL-42 ST,246.08153790749762
Shake Shack,$$,4.0,,,GRD CNTRL-42 ST,281.3604051197187
Kajitsu,$$$$,4.0,,,GRD CNTRL-42 ST,225.25039987811795
The Shakespeare,$$,4.0,,,GRD CNTRL-42 ST,309.0060240788604
Chicken Provence,$$,4.0,,,GRD CNTRL-42 ST,320.4859344953267
Darbar Fine Indian Cuisine,$$,4.0,,,GRD CNTRL-42 ST,335.760080772755
Delmonico NYC,$,4.0,,,GRD CNTRL-42 ST,102.70238310013464
Bierhaus NYC,$$,3.5,,,GRD CNTRL-42 ST,299.7445200180206
Dig Inn,$$,4.0,,,GRD CNTRL-42 ST,289.0553577837219
Agern,$$$$,4.0,,,GRD CNTRL-42 ST,134.37626212990986
Roti Modern Mediterranean,$,4.0,,,GRD CNTRL-42 ST,185.44187787868944
Tonkatsu Matsunoya,$$,4.0,,,GRD CNTRL-42 ST,283.61293232960287
Peter Dillon's,$,4.0,,,GRD CNTRL-42 ST,204.63272978200254
Izakaya MEW,$$,4.0,,,34 ST-HERALD SQ,136.78789475234535
Keens Steakhouse,$$$$,4.0,,,34 ST-HERALD SQ,155.41861379124944
Best Bagel & Coffee,$,4.5,,,34 ST-HERALD SQ,394.8524613225134
Grace Street,$$,4.0,,,34 ST-HERALD SQ,232.7501776291356
Woorijip Authentic Korean Food,$,4.0,,,34 ST-HERALD SQ,279.80809930508093
Empire State Building,,4.0,,,34 ST-HERALD SQ,230.48707653356408
Turntable Chicken Jazz,$$,4.0,,,34 ST-HERALD SQ,208.8802597417964
Pokéworks,$$,4.0,,,34 ST-HERALD SQ,264.9157721543095
Barn Joo 35,$$,4.0,,,34 ST-HERALD SQ,169.6811187044522
Jongro BBQ,$$,4.0,,,34 ST-HERALD SQ,254.41280672605208
Friedman's,$$,4.0,,,34 ST-HERALD SQ,285.78540077465846
BCD Tofu House,$$,4.0,,,34 ST-HERALD SQ,279.9260249417052
CajunSea & Oyster Bar,$$,4.0,,,34 ST-HERALD SQ,170.14856661314872
Stumptown Coffee Roasters,$$,4.5,,,34 ST-HERALD SQ,451.20279191917257
Cho Dang Gol Korean Restaurant,$$,4.0,,,34 ST-HERALD SQ,138.29125912899494
AYZA Wine & Chocolate Bar,$$,4.0,,,34 ST-HERALD SQ,290.7588003383203
Culture Espresso,$$,4.0,,,34 ST-HERALD SQ,325.48199818066627
Five Senses,$$,4.0,,,34 ST-HERALD SQ,270.42351980205945
Calle Dao - Bryant Park,$$,4.0,,,34 ST-HERALD SQ,406.60963266721006
Stella 34 Trattoria,$$,3.5,,,34 ST-HERALD SQ,75.75742667450966
Pocha 32,$$,3.5,,,34 ST-HERALD SQ,254.71789605669952
Broadway Bites,$$,4.0,,,34 ST-HERALD SQ,83.19342156924652
Trademark Taste & Grind,$$,4.5,,,34 ST-HERALD SQ,206.52100250593446
Hangawi,$$$,4.0,,,34 ST-HERALD SQ,425.2680120367428
New Wonjo Restaurant,$$,3.5,,,34 ST-HERALD SQ,225.75625459240982
Zen Ramen & Sushi,$$,4.5,,,34 ST-HERALD SQ,247.2359203261349
Parker & Quinn,$$,4.0,,,34 ST-HERALD SQ,398.704161869241
Her Name Is Han,$$,4.0,,,34 ST-HERALD SQ,463.08003389457707
Chick-fil-A,$,4.0,,,34 ST-HERALD SQ,269.68836688746217
Paris Baguette,$$,4.0,,,34 ST-HERALD SQ,296.91629601784877
Miss KOREA BBQ,$$,3.5,,,34 ST-HERALD SQ,281.4863729137471
Gaonnuri,$$$,3.5,,,34 ST-HERALD SQ,222.70364459679564
The Kati Roll Company,$,4.0,,,34 ST-HERALD SQ,437.07695070644775
Food Gallery 32,$,3.5,,,34 ST-HERALD SQ,259.09711476192984
Kang Ho Dong Baekjeong,$$$,4.0,,,34 ST-HERALD SQ,358.3268063063238
The Picnic Basket,$,4.0,,,34 ST-HERALD SQ,267.44569816930635
Petit Poulet,$$,4.0,,,34 ST-HERALD SQ,120.50825942851876
Stout NYC,$$,3.5,,,34 ST-HERALD SQ,173.00938485703554
Beyond Sushi,$$,4.5,,,34 ST-HERALD SQ,299.71911047135274
Dons Bogam BBQ & Wine Bar,$$$,4.0,,,34 ST-HERALD SQ,430.07701007433735
KazuNori  | The Original Hand Roll Bar,$$,4.5,,,34 ST-HERALD SQ,496.4157934225965
MADANGSUI,$$,3.5,,,34 ST-HERALD SQ,183.88606326720233
Spot Dessert Bar,$$,3.5,,,34 ST-HERALD SQ,260.75671834108226
Tous Les Jours,$,3.5,,,34 ST-HERALD SQ,220.45442892532108
Abiko Curry,$$,4.0,,,34 ST-HERALD SQ,288.6049904513467
Besfren,$$,4.0,,,34 ST-HERALD SQ,369.0622657252531
The Breslin,$$$,3.5,,,34 ST-HERALD SQ,446.76626150971555
TONCHIN NEW YORK,$$,4.5,,,34 ST-HERALD SQ,289.16068313342663
Balade - Your Way,$$,4.5,,,34 ST-HERALD SQ,311.89036848291823
E-Mo,$,4.0,,,34 ST-HERALD SQ,311.44722312012846
Doughnut Plant,$$,4.0,,,23 ST,93.16590961314948
Burger & Lobster,$$,4.0,,,23 ST,476.602209874834
La Maison du Macaron,$$,4.0,,,23 ST,159.20955736932126
Brooklyn Bagel & Coffee Company,$,4.0,,,23 ST,287.3917568104944
Johny's Luncheonette,$,4.0,,,23 ST,222.6395702228874
Excellent Dumpling House,$$,4.0,,,23 ST,53.08972690254673
Seven Grams Caffe,$,4.5,,,23 ST,205.60034073976158
Cafeteria,$$,3.5,,,23 ST,440.58568973494397
Terri,$$,4.0,,,23 ST,335.53608483748206
Momoya,$$$,4.0,,,23 ST,173.58950423848393
Boqueria Spanish Tapas - Flatiron,$$$,4.0,,,23 ST,441.915596836601
Asuka Sushi,$$,4.0,,,23 ST,305.6187988662888
By Chloe,$$,4.0,,,23 ST,328.93610124802325
Café Grumpy,$$,4.0,,,23 ST,285.03110198431006
Smithfield Hall,$$,4.0,,,23 ST,196.95851802661144
Murray's Bagels,$,3.5,,,23 ST,251.35138961746583
Foragers Table,$$,4.0,,,23 ST,293.91535073957203
Kobeyaki,$$,4.0,,,23 ST,290.3111916059277
BXL Zoute,$$,4.0,,,23 ST,363.8193081415441
Barcade,$$,3.5,,,23 ST,98.02002803980946
El Quijote,$$$,3.5,,,23 ST,134.38237244062142
Momofuku Nishi,$$,4.0,,,23 ST,266.8909583798956
Grimaldi's,$$,3.5,,,23 ST,351.54344759407087
Elmo,$$,3.5,,,23 ST,281.97263618638414
The Trailer Park Lounge,$$,3.5,,,23 ST,228.64386140871207
Zagara Ristorante Italiano,$$,4.0,,,23 ST,45.460113683780946
One Star,$,4.5,,,23 ST,144.3572818782883
Bite,$,4.0,,,23 ST,327.0063542509166
Flatiron Lounge,$$$,4.0,,,23 ST,495.74192353411826
Perpetuum Cafe,$,4.5,,,23 ST,221.08930486359355
RARE Bar & Grill,$$,3.5,,,23 ST,236.3603879931517
Sala One Nine,$$,4.0,,,23 ST,513.7583314876343
Malibu Diner,$$,3.5,,,23 ST,63.49725446161323
Le Zie,$$,3.5,,,23 ST,210.39926094956365
Rin Thai,$$,3.5,,,23 ST,213.1470620767717
B&B Restaurant Corporation,$,4.5,,,23 ST,266.8227136091309
Lucky's Famous Burgers,$$,3.5,,,23 ST,237.4306375037258
Telegraphe Cafe,$,4.0,,,23 ST,443.97727476316146
Bella Napoli,$,3.5,,,23 ST,140.06904919450506
DAVIDsTEA,$$,4.5,,,23 ST,299.6839998203172
Markt,$$,3.5,,,23 ST,334.37826394744013
Vivi Bubble Tea,$,3.5,,,23 ST,54.992426041935055
Great Burrito,$,4.0,,,23 ST,249.6319282242454
Hana Sushi,$$,3.5,,,23 ST,70.93587023867339
Blossom Du Jour,$$,3.5,,,23 ST,190.55495220017502
Bean & Bean,$$,4.0,,,23 ST,328.1372453531601
Argo Tea Café,$,3.5,,,23 ST,208.1588667777671
Milanes Spanish Restaurant,$,4.0,,,23 ST,150.13722765563958
RARE View Rooftop Chelsea,$$,3.5,,,23 ST,228.1365558224339
Champignon,$$,3.5,,,23 ST,108.55110177161568
Shake Shack,$$,4.0,,,42 ST-PORT AUTH,131.30442902159982
Carmine's Italian Restaurant - Times Square,$$,4.0,,,42 ST-PORT AUTH,249.76269661144357
Junior's Cheesecake,$$,4.0,,,42 ST-PORT AUTH,280.58034143071086
Los Tacos No.1,$,4.5,,,42 ST-PORT AUTH,166.8341359390282
Bea,$$,4.0,,,42 ST-PORT AUTH,303.49217356698693
John's of Times Square,$$,3.5,,,42 ST-PORT AUTH,151.06568725813784
Schmackary's,$,4.0,,,42 ST-PORT AUTH,332.4344779885435
Go! Go! Curry!,$,4.0,,,42 ST-PORT AUTH,311.8764949929639
Gyu-Kaku Japanese BBQ,$$,4.0,,,42 ST-PORT AUTH,195.94577284209902
Trattoria Trecolori,$$,4.0,,,42 ST-PORT AUTH,376.9513496567127
Dafni Greek Taverna,$$,4.0,,,42 ST-PORT AUTH,119.40290312346924
Becco,$$$,3.5,,,42 ST-PORT AUTH,388.9734876098913
Green Symphony,$,4.0,,,42 ST-PORT AUTH,111.33651422773801
Patzeria Perfect Pizza,$,4.0,,,42 ST-PORT AUTH,345.33273187822596
Rudy's Bar & Grill,$,4.0,,,42 ST-PORT AUTH,348.96762682245975
Hakkasan,$$$$,3.5,,,42 ST-PORT AUTH,147.01394320352156
Frisson Espresso,$,4.5,,,42 ST-PORT AUTH,396.36905181104584
5 Napkin Burger,$$,3.5,,,42 ST-PORT AUTH,323.5353398974752
OBAO,$$,4.0,,,42 ST-PORT AUTH,388.71477261230024
Dallas BBQ,$$,3.0,,,42 ST-PORT AUTH,85.18305067894403
Red Poke,$$,4.5,,,42 ST-PORT AUTH,254.20283553763574
Dutch Freds,$$,4.5,,,42 ST-PORT AUTH,421.24484853591866
Schnippers,$$,3.5,,,42 ST-PORT AUTH,107.79882800178078
Amy's Bread,$,4.0,,,42 ST-PORT AUTH,434.66312917531616
Times Square,,3.5,,,42 ST-PORT AUTH,372.5903322803017
Shorty's,$$,4.0,,,42 ST-PORT AUTH,251.38725296653257
Dim Sum Palace,$$,4.0,,,42 ST-PORT AUTH,322.83264198503355
Pulperia Hell's Kitchen,$$$,4.5,,,42 ST-PORT AUTH,405.2666156052788
City Kitchen,$$,4.0,,,42 ST-PORT AUTH,197.14419299921843
Beer Culture,$$,4.0,,,42 ST-PORT AUTH,242.64496895530877
Réunion,$$,4.0,,,42 ST-PORT AUTH,292.13773667353524
Inakaya,$$$,3.5,,,42 ST-PORT AUTH,142.15819855377774
Room Service,$$,3.5,,,42 ST-PORT AUTH,495.5056976990444
Churrascaria Plataforma,$$$$,4.0,,,42 ST-PORT AUTH,544.1117323661863
District Tap House,$$,4.0,,,42 ST-PORT AUTH,369.1491300380888
Birdland Jazz Club,$$$,4.0,,,42 ST-PORT AUTH,184.660638141817
Patzeria Family & Friends,$$,4.5,,,42 ST-PORT AUTH,498.3141027329842
Marseille,$$$,4.0,,,42 ST-PORT AUTH,310.32777823857754
Hourglass Tavern,$$,4.0,,,42 ST-PORT AUTH,408.249199506764
Sushi of Gari 46,$$$$,4.0,,,42 ST-PORT AUTH,380.1273199443179
Haru Sushi,$$,3.5,,,42 ST-PORT AUTH,196.24078747343287
Turco Mediterranean Grill,$,4.0,,,42 ST-PORT AUTH,263.5147850065618
Bareburger,$$,4.0,,,42 ST-PORT AUTH,365.16066792984935
Etcetera Etcetera,$$$,4.0,,,42 ST-PORT AUTH,247.10873029212524
At Nine Restaurant & Bar,$$,4.0,,,42 ST-PORT AUTH,249.67057102595638
The Skylark,$$$,4.0,,,42 ST-PORT AUTH,340.7019038254093
Samba Kitchen,$$,4.5,,,42 ST-PORT AUTH,418.5350365803101
Black Iron Burger,$$,4.0,,,42 ST-PORT AUTH,349.1271599429122
City Sandwich,$$,4.0,,,42 ST-PORT AUTH,392.2413525135203
The Hummus & Pita,$,4.0,,,42 ST-PORT AUTH,198.8340081413318
Club A Steakhouse,$$$,4.5,,,59 ST,340.47807068357963
Daniel,$$$$,4.5,,,59 ST,473.29201491282356
Little Collins,$$,4.5,,,59 ST,323.8839184187736
TAO Uptown,$$$,3.5,,,59 ST,288.8943762903325
My Pie,$,4.5,,,59 ST,225.69589460571365
Serendipity 3,$$,3.0,,,59 ST,268.4989728232366
Alice's Tea Cup Chapter II,$$,3.5,,,59 ST,339.1172301641731
Forty Carrots,$$,4.0,,,59 ST,78.1450528881342
Le Botaniste,$$,4.5,,,59 ST,321.7341188977214
The Bar Room,$$,4.0,,,59 ST,106.24597017791312
Omar's Mediterranean East Midtown,$$,4.5,,,59 ST,426.6395253070167
Amali,$$$,4.0,,,59 ST,111.17777514311382
Hillstone Restaurant,$$$,4.0,,,59 ST,482.5686044617323
Pizza By Certé,$,4.0,,,59 ST,300.2844228069169
Birch Coffee,$$,4.5,,,59 ST,187.22580045011316
Felidia,$$$$,4.0,,,59 ST,340.5679706416109
Chola,$$,4.0,,,59 ST,316.63805863049333
Tony Dragon's Grille,$,4.5,,,59 ST,370.9567242268078
Scalinatella Restaurant,$$$$,4.0,,,59 ST,217.5411509305368
P.J. Clarke's,$$,3.5,,,59 ST,401.5858506327718
Lips,$$,4.0,,,59 ST,367.25920642296336
BLT Steak,$$$$,4.0,,,59 ST,250.55810449299702
Darbar Grill,$$,4.0,,,59 ST,359.72670351796734
Nare Sushi,$$,4.0,,,59 ST,199.4119313880182
Juan Valdez Cafe,$,4.0,,,59 ST,224.33164237516715
Philippe By Philippe Chow,$$$,3.5,,,59 ST,270.03344600382616
Fig & Olive Uptown,$$$,3.5,,,59 ST,219.99674319658766
Avena,$$$,4.5,,,59 ST,178.63909218314808
Lilli & Loo,$$,3.5,,,59 ST,158.9753079851649
Naya Mezze & Grill,$$,4.0,,,59 ST,466.5490318603589
Vaucluse,$$$$,4.0,,,59 ST,279.27250064818156
LAVO Italian Restaurant,$$$,3.0,,,59 ST,287.504173110288
Isle of Capri,$$$,4.0,,,59 ST,169.37851749681784
Land of Plenty,$$,3.5,,,59 ST,243.04258168326004
Juicy Cube,$$,4.0,,,59 ST,295.0304353316945
Anassa Taverna,$$$,3.5,,,59 ST,169.3020987239103
Agra Restaurant,$$,4.0,,,59 ST,222.58269922772516
Ninth Street Espresso,$,4.0,,,59 ST,280.0674540563232
Macaron Cafe,$$,3.5,,,59 ST,275.6640372844585
Draught 55,$$,4.0,,,59 ST,477.45262191571396
Ajisai Japanese Fusion,$$,3.5,,,59 ST,171.3320724516576
NY Jumbo Bagels,$,4.0,,,59 ST,474.57304156080295
Club Macanudo,$$$,4.0,,,59 ST,398.0563259712867
Patsy's Pizzeria,$$,3.0,,,59 ST,206.30113011612454
La Pulperia,$$,4.0,,,59 ST,191.9918274470165
Korean Express,$$,3.5,,,59 ST,223.55860040864147
Le Colonial,$$$,3.5,,,59 ST,188.36896065788952
August,$$$,4.0,,,59 ST,159.03563309502027
Angus Club Steakhouse,$$$$,4.0,,,59 ST,351.471803639265
El Rey del Sabor,$,4.0,,,59 ST,137.24110488703474
Carmine's Italian Restaurant - Times Square,$$,4.0,,,TIMES SQ-42 ST,254.08209108385827
Tony's Di Napoli,$$,4.0,,,TIMES SQ-42 ST,218.46152454926377
Junior's Cheesecake,$$,4.0,,,TIMES SQ-42 ST,338.45329793347474
Best Bagel & Coffee,$,4.5,,,TIMES SQ-42 ST,452.0982189565516
Los Tacos No.1,$,4.5,,,TIMES SQ-42 ST,247.5849177201717
Ootoya Times Square,$$,4.0,,,TIMES SQ-42 ST,136.2696657428626
Shake Shack,$$,4.0,,,TIMES SQ-42 ST,375.1272931444327
Go! Go! Curry!,$,4.0,,,TIMES SQ-42 ST,310.5730075969057
Keens Steakhouse,$$$$,4.0,,,TIMES SQ-42 ST,521.0771912374361
Pokéworks,$$,4.0,,,TIMES SQ-42 ST,432.91778565966854
Aureole,$$$$,4.0,,,TIMES SQ-42 ST,191.69713217613358
John's of Times Square,$$,3.5,,,TIMES SQ-42 ST,333.6201003196092
Culture Espresso,$$,4.0,,,TIMES SQ-42 ST,374.29702055809935
Calle Dao - Bryant Park,$$,4.0,,,TIMES SQ-42 ST,444.38640619512006
Trattoria Trecolori,$$,4.0,,,TIMES SQ-42 ST,511.73256121877944
The Kati Roll Company,$,4.0,,,TIMES SQ-42 ST,370.81662949574354
Parker & Quinn,$$,4.0,,,TIMES SQ-42 ST,364.92238352075105
The Skylark,$$$,4.0,,,TIMES SQ-42 ST,168.25894344423943
Virgil's Real BBQ - Times Square,$$,3.5,,,TIMES SQ-42 ST,259.499838497425
The Counter,$$,3.5,,,TIMES SQ-42 ST,53.071239892236136
District Tap House,$$,4.0,,,TIMES SQ-42 ST,288.90073680922217
Joe's Pizza,$,4.0,,,TIMES SQ-42 ST,88.72211917431864
Paris Baguette,$$,4.0,,,TIMES SQ-42 ST,38.75706137631279
Patzeria Perfect Pizza,$,4.0,,,TIMES SQ-42 ST,468.1097472299682
Jimmy's Corner,$,4.0,,,TIMES SQ-42 ST,266.66492993038025
Green Symphony,$,4.0,,,TIMES SQ-42 ST,285.7727881821894
Havana Central,$$,3.5,,,TIMES SQ-42 ST,450.105356294349
Black Iron Burger,$$,4.0,,,TIMES SQ-42 ST,273.74673828191175
Dallas BBQ,$$,3.0,,,TIMES SQ-42 ST,218.8539097632324
Gyu-Kaku Japanese BBQ,$$,4.0,,,TIMES SQ-42 ST,465.3646218605254
Inakaya,$$$,3.5,,,TIMES SQ-42 ST,187.62489900099462
Crisp,$$,4.0,,,TIMES SQ-42 ST,218.86533906679128
Times Square,,3.5,,,TIMES SQ-42 ST,472.2351431450054
Bubba Gump Shrimp,$$,3.5,,,TIMES SQ-42 ST,230.81150022852555
Beyond Sushi,$$,4.5,,,TIMES SQ-42 ST,336.18548839178595
Bonchon Chicken - NYC 38th St,$$,3.5,,,TIMES SQ-42 ST,218.24019201178115
Paul's On Times Square,$$,4.0,,,TIMES SQ-42 ST,155.80211939294574
L'ADRESSE,$$,4.0,,,TIMES SQ-42 ST,258.6493853335839
Schnippers,$$,3.5,,,TIMES SQ-42 ST,257.73931469917574
Haru Sushi,$$,3.5,,,TIMES SQ-42 ST,237.23519174353032
Dafni Greek Taverna,$$,4.0,,,TIMES SQ-42 ST,410.797604527177
Chick-fil-A,$,4.0,,,TIMES SQ-42 ST,413.16230176958976
Balade - Your Way,$$,4.5,,,TIMES SQ-42 ST,332.84028159118293
Zen Ramen & Sushi,$$,4.5,,,TIMES SQ-42 ST,411.4906928107209
Osteria Al Doge,$$$,4.0,,,TIMES SQ-42 ST,263.47165613370356
Hakkasan,$$$$,3.5,,,TIMES SQ-42 ST,424.46007356853556
Wasabi Sushi & Bento,$$,3.5,,,TIMES SQ-42 ST,51.9552916662646
BXL Cafe,$$,3.5,,,TIMES SQ-42 ST,259.6566452552851
Ben's Kosher Delicatessen Restaurant & Caterers,$$,3.5,,,TIMES SQ-42 ST,216.76421798299492
The Picnic Basket,$,4.0,,,TIMES SQ-42 ST,429.5221226383008
Ippudo East Village,$$,4.0,,,14 ST-UNION SQ,415.7691552085856
Max Brenner,$$,3.5,,,14 ST-UNION SQ,103.38699364724397
Gramercy Tavern,$$$$,4.5,,,14 ST-UNION SQ,447.61050044150676
ABC Kitchen,$$$,4.0,,,14 ST-UNION SQ,381.53714703046836
Breads Bakery,$$,4.5,,,14 ST-UNION SQ,266.8846704455587
Num Pang Kitchen,$,4.0,,,14 ST-UNION SQ,281.67539571971105
Dos Toros Taqueria,$,4.0,,,14 ST-UNION SQ,112.17683622954729
Union Square,,4.0,,,14 ST-UNION SQ,93.83607314760914
Tsurutontan Udon Noodle Brasserie,$$,4.0,,,14 ST-UNION SQ,267.63052025348145
Blue Water Grill,$$$,4.0,,,14 ST-UNION SQ,237.619387425138
Barn Joo,$$,4.0,,,14 ST-UNION SQ,254.88637156720915
Ichabod's,$$,4.0,,,14 ST-UNION SQ,134.42778357071353
Thai Villa,$$,4.5,,,14 ST-UNION SQ,485.7662709344624
Joe's Pizza,$,4.0,,,14 ST-UNION SQ,188.7373867867195
Dear Irving,$$$,4.5,,,14 ST-UNION SQ,275.40956239771805
The PokéSpot,$$,4.0,,,14 ST-UNION SQ,187.26963995598953
Strip House,$$$$,4.0,,,14 ST-UNION SQ,293.16599761323994
Casa Mono,$$$,3.5,,,14 ST-UNION SQ,273.8108774991833
Union Square Café,$$$,4.0,,,14 ST-UNION SQ,384.3021721991833
CAVA,$$,4.5,,,14 ST-UNION SQ,91.68646387966048
The Grey Dog - Union Square,$$,4.0,,,14 ST-UNION SQ,277.66262319997196
Peacefood Cafe Downtown,$$,4.0,,,14 ST-UNION SQ,298.9400409780562
Han Dynasty,$$,4.0,,,14 ST-UNION SQ,329.6349729729553
Craft,$$$$,4.0,,,14 ST-UNION SQ,405.2721660297288
Spice,$$,3.5,,,14 ST-UNION SQ,161.16021332362047
Maoz Vegetarian,$,4.0,,,14 ST-UNION SQ,174.87277407084366
Taboonette,$$,4.0,,,14 ST-UNION SQ,234.36365299904813
Thaimee Table - formerly Ngam,$$,3.5,,,14 ST-UNION SQ,322.7486872628388
15 East Restaurant,$$$$,4.0,,,14 ST-UNION SQ,269.2704936316313
Ootoya Chelsea,$$,4.0,,,14 ST-UNION SQ,513.7786373423583
Vapiano,$$,3.5,,,14 ST-UNION SQ,188.32284304160396
The Smith,$$,3.5,,,14 ST-UNION SQ,416.2647586906021
Ribalta Pizza,$$,4.0,,,14 ST-UNION SQ,201.21713842842826
Zundo-Ya,$$,4.0,,,14 ST-UNION SQ,410.33106320489213
Corkbuzz Wine Studio,$$$,4.0,,,14 ST-UNION SQ,272.49753451025293
Lillie's Victorian Establishment,$$,4.0,,,14 ST-UNION SQ,346.3745392500556
ABC Cocina,$$$,4.0,,,14 ST-UNION SQ,370.93214835493893
DORADO Tacos & Quesadillas,$,4.0,,,14 ST-UNION SQ,281.67539571971105
Feast,$$$,4.0,,,14 ST-UNION SQ,284.5722088439655
Barnes & Noble,$$,4.0,,,14 ST-UNION SQ,262.774618028854
Shuko,$$$$,4.0,,,14 ST-UNION SQ,188.2545206139711
Ichiba Ramen,$$,4.0,,,14 ST-UNION SQ,166.21485906761893
Wafels & Dinges,$,4.5,,,14 ST-UNION SQ,2103.923104203492
Everyman Espresso,$$,4.0,,,14 ST-UNION SQ,250.46868798519375
Tocqueville Restaurant,$$$$,4.0,,,14 ST-UNION SQ,316.4794634389002
Tim Ho Wan,$$,3.5,,,14 ST-UNION SQ,352.2690476616352
Rosa Mexicano,$$$,3.5,,,14 ST-UNION SQ,411.5792903788156
Make Sandwich,$$,4.5,,,14 ST-UNION SQ,115.6129686964114
Pie By The Pound,$$,4.0,,,14 ST-UNION SQ,177.5552392951313
Barbounia,$$$,3.5,,,14 ST-UNION SQ,425.57472738698596
Pisillo Italian Panini,$$,4.5,,,FULTON ST,153.6124026527799
Melt Shop,$$,4.0,,,FULTON ST,35.15127466877624
Nish Nush,$$,4.5,,,FULTON ST,121.11407094432462
Da Claudio,$$,4.5,,,FULTON ST,175.35634175300547
Hole in the Wall,$$,4.0,,,FULTON ST,132.18822824566
Poke Bowl,$$,4.0,,,FULTON ST,32.98535203508362
Voyager Espresso,$,5.0,,,FULTON ST,58.38479770791939
GRK Fresh Greek - Financial District,$$,3.5,,,FULTON ST,48.574047600972534
Felice,$$,4.0,,,FULTON ST,173.60623812781893
Takahachi Bakery,$$,4.0,,,FULTON ST,517.916002075964
Kuu Ramen,$$,3.5,,,FULTON ST,206.48728214422476
Terri,$$,4.0,,,FULTON ST,311.14900627411635
Go! Go! Curry!,$,4.0,,,FULTON ST,219.73739968250592
Harry's Italian,$$,3.5,,,FULTON ST,208.7278164704446
Bareburger,$$,3.5,,,FULTON ST,54.50836349773139
Iron Horse NYC,$,4.0,,,FULTON ST,199.81119031194615
Sandwich House,$,4.0,,,FULTON ST,200.46774048585013
Magic Mix Juicery,$$,4.0,,,FULTON ST,39.88352750971028
Blue Spoon Coffee,$,4.0,,,FULTON ST,167.02662134655336
R & R Coffee,$$,4.0,,,FULTON ST,102.29496459652277
The Malt House,$$,4.0,,,FULTON ST,236.04642241137282
Thai Sliders & Co.,$$,4.0,,,FULTON ST,193.9973395424763
Bocadillo,$$,4.5,,,FULTON ST,104.81000167002476
Bennie's Thai Cafe,$$,3.5,,,FULTON ST,71.15359877294748
Menya Jiro- Fidi,$$,4.0,,,FULTON ST,49.64534196217772
Zaitzeff,$$,3.5,,,FULTON ST,140.7041366922393
d Elici,$,4.0,,,FULTON ST,156.1683943457917
PROOF Coffee Roasters,$$,4.5,,,FULTON ST,177.52203214012582
Trading Post,$$,4.0,,,FULTON ST,433.6142558329787
Dark Horse,$$,4.0,,,FULTON ST,494.0398540663985
Roti Modern Mediterranean,$,4.0,,,FULTON ST,299.9490850028145
Zeytuna,$$,3.0,,,FULTON ST,133.37915673036184
Augustine,$$$,4.0,,,FULTON ST,199.70484964566276
Potbelly Sandwich Shop,$,4.0,,,FULTON ST,267.99140155888944
The Irish American,$$,3.5,,,FULTON ST,203.3726567919084
Financier Patisserie,$$,3.5,,,FULTON ST,281.28864768947096
Aahar Indian Cuisine,$$,4.5,,,FULTON ST,456.6510346275108
Ryan Maguire's Ale House,$$,4.0,,,FULTON ST,201.17764599023624
Vietspot,$,3.5,,,FULTON ST,156.1173553326134
Fields Good Chicken,$$,3.5,,,FULTON ST,259.8122341837646
Aroy Dee Thai Kitchen,$,3.5,,,FULTON ST,206.48728214422476
Rosella's Pizzeria,$,3.5,,,FULTON ST,108.4560240897077
Biryani House Cart,$,4.0,,,FULTON ST,303.86502649731244
Stout NYC FiDi,$$,3.5,,,FULTON ST,153.65474854814886
Black Fox Coffee,$,4.0,,,FULTON ST,339.1683025322882
Open Kitchen,$$,3.5,,,FULTON ST,42.866936224970566
Stage Door Pizza,$,4.0,,,FULTON ST,387.9170705405214
Sophies Cuban Cuisine,$$,3.5,,,FULTON ST,101.61449826228379
Tandoor Palace,$,3.5,,,FULTON ST,71.15359877294748
El Luchador,$,3.5,,,FULTON ST,444.1122558846554
Brooklyn Kolache,$,4.5,,,BEDFORD PK BLVD,221.11056264605335
Black Swan,$$,3.5,,,BEDFORD PK BLVD,163.36420245331507
Lucha Lucha,$$,4.0,,,BEDFORD PK BLVD,222.7816037825836
Baron's,$$,4.5,,,BEDFORD PK BLVD,135.82505625740288
Pilar Cuban Eatery,$$,4.0,,,BEDFORD PK BLVD,222.34886298095134
Colador Cafe,$,3.5,,,BEDFORD PK BLVD,208.41634717296927
Nostrand Cafe,$$,4.5,,,BEDFORD PK BLVD,201.2291003762334
Fancy Nancy,$$,4.0,,,BEDFORD PK BLVD,149.66865987912595
Samurai Papa BS,$$,4.0,,,BEDFORD PK BLVD,216.09755419310775
Chilo's,$,4.0,,,BEDFORD PK BLVD,317.68209423404033
Stonefruit Espresso + Kitchen,$$,4.0,,,BEDFORD PK BLVD,175.92363672479954
The Civil Service Cafe,$$,4.0,,,BEDFORD PK BLVD,198.08143031929504
Eva Jean's,$$,4.0,,,BEDFORD PK BLVD,67.14635490711005
Dynaco,$$,4.5,,,BEDFORD PK BLVD,352.0057647840216
Bedford Hill,$$,3.5,,,BEDFORD PK BLVD,355.48149695881654
Swell Dive,$$,4.0,,,BEDFORD PK BLVD,130.94942375220697
Do or Dive,$,4.5,,,BEDFORD PK BLVD,337.6404244010842
Home Frite,$$,4.0,,,BEDFORD PK BLVD,201.03033890596302
Oaxaca Taqueria,$,3.5,,,BEDFORD PK BLVD,380.2731353502995
Captain Dan's Good Time Tavern,$$,4.0,,,BEDFORD PK BLVD,236.40726118405763
Cinnamon Girl,$,3.0,,,BEDFORD PK BLVD,205.55053017936092
C'mon Everybody,$,4.0,,,BEDFORD PK BLVD,312.833074246254
Espinal Deli,$,3.5,,,BEDFORD PK BLVD,160.90815739342287
The Ice Cream House,$,4.0,,,BEDFORD PK BLVD,510.53105907627696
Bombay Heights,$$,3.5,,,BEDFORD PK BLVD,206.23778169932606
Playground Coffee Shop,$$,4.0,,,BEDFORD PK BLVD,357.35087180867515
Hong Kong Cafe,$,4.0,,,BEDFORD PK BLVD,383.36265772823725
La Villa Cafe,$$,3.0,,,BEDFORD PK BLVD,312.1080916272193
Natural Gourmet Deli And Grill,,4.5,,,BEDFORD PK BLVD,364.5586028864477
The Mixtape Shop,$$,4.5,,,BEDFORD PK BLVD,529.7554932298386
Punta Cana Coffee Shop & Restaurant,$,3.0,,,BEDFORD PK BLVD,309.34283774864855
1017 Deli,$,4.5,,,BEDFORD PK BLVD,139.7343048176815
No 1 Chinese Restaurant,$,3.0,,,BEDFORD PK BLVD,123.74214836343896
The Holler,$$,5.0,,,BEDFORD PK BLVD,404.80332013321726
KFC,,3.0,,,BEDFORD PK BLVD,152.02021086049464
Sam's Pizza,$,3.0,,,BEDFORD PK BLVD,318.1401953875541
Brooklyn Nights,$$,3.0,,,BEDFORD PK BLVD,331.28690250070713
2 Baci Pizzeria,$$,3.0,,,BEDFORD PK BLVD,424.36245266293275
Golden Hing Restaurant,$,3.5,,,BEDFORD PK BLVD,249.44874415037972
NQ Supermarket & Deli,,5.0,,,BEDFORD PK BLVD,372.4145341600767
Sugarhill Supperclub,$$,2.5,,,BEDFORD PK BLVD,280.4626405570263
Sushi K Bar,$$,3.0,,,BEDFORD PK BLVD,558.2130753330117
Dunkin' Donuts,$,2.5,,,BEDFORD PK BLVD,160.2022444181896
Jabran Deli & Gourmet,,4.5,,,BEDFORD PK BLVD,237.90765853377226
LG Gourmet Deli,,4.5,,,BEDFORD PK BLVD,283.98857448371234
King Kwok Restaurant,$,4.0,,,BEDFORD PK BLVD,349.98327827504784
Sugar Hill Disco & Restaurant,,3.5,,,BEDFORD PK BLVD,244.44561158095922
Crown Fried Chicken,,2.5,,,BEDFORD PK BLVD,502.87095260979794
Kennedy Fried Chicken and Pizza,$,3.0,,,BEDFORD PK BLVD,578.3409921822023
Crown Halal Chicken and Pizza,,4.5,,,BEDFORD PK BLVD,475.6789618783775
Jerome Pizza,$,4.0,,,BEDFORD PK BLVD,134.91744776993397
National Restaurant & Coffee Shop,$,3.5,,,BEDFORD PK BLVD,169.58900532374184
Bedford Cafe & Restaurant,$$,3.0,,,BEDFORD PK BLVD,165.51540539768243
Pique 86,$,4.5,,,BEDFORD PK BLVD,484.0514891414132
Las Maravillas de Mexico Restaurant,$$,3.5,,,BEDFORD PK BLVD,151.1815155237585
Kawah Chinese Restaurant,$,4.0,,,BEDFORD PK BLVD,211.95837780046026
House Pizza,$,4.0,,,BEDFORD PK BLVD,247.35638444636405
La Cabana 2 Salvadorena Restaurant,$,4.5,,,BEDFORD PK BLVD,277.04257650154005
My Place Pizza,$,4.0,,,BEDFORD PK BLVD,500.82772544440746
El Sabor Latino,$$,2.0,,,BEDFORD PK BLVD,189.94330181533434
O'Shea's Emerald Bar,$,3.0,,,BEDFORD PK BLVD,219.30400939914986
New China Chinese Resturant,$$,4.5,,,BEDFORD PK BLVD,257.24624085128926
Wai Kang Restaurant,$,3.5,,,BEDFORD PK BLVD,114.34302975706998
El Rinconcito Del Sabor Dominicano,,2.5,,,BEDFORD PK BLVD,264.21205345643307
Madden's Bedford Pub,,4.0,,,BEDFORD PK BLVD,127.81492547390702
Plato & Rumba,$$,3.0,,,BEDFORD PK BLVD,223.68526676314048
Cash Back,,5.0,,,BEDFORD PK BLVD,181.57978633084355
Connie's Deli,$,4.0,,,BEDFORD PK BLVD,229.66499149978586
Lp Deli Grocery,,4.0,,,BEDFORD PK BLVD,217.96456505969172
Kennedy Grill & Fried Chicken,$,2.5,,,BEDFORD PK BLVD,183.9733461959625
Hong Kong Kitchen,$,3.5,,,BEDFORD PK BLVD,486.0959979191804
Hung Hing,$,3.0,,,BEDFORD PK BLVD,227.4739921232443
Kings Fried Chicken & Pizza,,1.0,,,BEDFORD PK BLVD,491.3122291090672
Kennedy's,,1.0,,,BEDFORD PK BLVD,462.8986237366249
Jerome Pizza,$,4.0,,,BEDFORD PK BLVD,112.3365099571975
National Restaurant & Coffee Shop,$,3.5,,,BEDFORD PK BLVD,96.51119077353415
Bedford Cafe & Restaurant,$$,3.0,,,BEDFORD PK BLVD,84.48557091666284
Pique 86,$,4.5,,,BEDFORD PK BLVD,431.60914029714735
Las Maravillas de Mexico Restaurant,$$,3.5,,,BEDFORD PK BLVD,95.55932705272022
Mei Mei Restaurant,$,3.5,,,BEDFORD PK BLVD,409.85741455160553
Tony's Halal Food,$,4.0,,,BEDFORD PK BLVD,154.54061546125445
My Place Pizza,$,4.0,,,BEDFORD PK BLVD,475.47707187818736
La Cabana 2 Salvadorena Restaurant,$,4.5,,,BEDFORD PK BLVD,366.4817553389782
El Sabor Latino,$$,2.0,,,BEDFORD PK BLVD,79.85228346631447
O'Shea's Emerald Bar,$,3.0,,,BEDFORD PK BLVD,81.29000998077753
Plato & Rumba,$$,3.0,,,BEDFORD PK BLVD,90.40332317345155
Cash Back,,5.0,,,BEDFORD PK BLVD,65.44150288758732
Wai Kang Restaurant,$,3.5,,,BEDFORD PK BLVD,175.07106575873595
Madden's Bedford Pub,,4.0,,,BEDFORD PK BLVD,123.46464764026243
Harris Park,,3.5,,,BEDFORD PK BLVD,179.490052560377
El Buen Ambiente,$$,2.0,,,BEDFORD PK BLVD,361.4611404701778
Hong Kong Kitchen,$,3.5,,,BEDFORD PK BLVD,418.4419511849089
Kennedy Fried Chicken & Pizza,$$$$,1.5,,,BEDFORD PK BLVD,374.90785089603014
Kings Fried Chicken & Pizza,,1.0,,,BEDFORD PK BLVD,456.194347638479
Kennedy's,,1.0,,,BEDFORD PK BLVD,404.6966246828388
